{"cameraMode":{"drawMode":0,"name":"Shaded","section":"Shading Mode"},"sceneLighting":false,"audioPlay":false,"sceneViewState":{"showFog":true,"showMaterialUpdate":true,"showSkybox":false,"showFlares":true,"showImageEffects":true,"showParticleSystems":true},"in2DMode":false,"pivot":{"x":0.00012731552124023438,"y":4.704134464263916,"z":-0.00009894371032714844},"rotation":{"x":-0.043101657181978229,"y":0.5556948184967041,"z":-0.028866956010460855,"w":-0.8297807574272156},"size":9.224398612976075,"orthographic":false}