{"cameraMode":{"drawMode":0,"name":"Shaded","section":"Shading Mode"},"sceneLighting":false,"audioPlay":false,"sceneViewState":{"showFog":true,"showMaterialUpdate":true,"showSkybox":false,"showFlares":true,"showImageEffects":true,"showParticleSystems":true},"in2DMode":false,"pivot":{"x":-0.00007700920104980469,"y":4.545206546783447,"z":0.1104433536529541},"rotation":{"x":-0.0038291967939585449,"y":0.18698535859584809,"z":-0.0007296305266208947,"w":-0.982366681098938},"size":8.228686332702637,"orthographic":false}