{"cameraMode":{"drawMode":0,"name":"Shaded","section":"Shading Mode"},"sceneLighting":true,"audioPlay":false,"sceneViewState":{"showFog":true,"showMaterialUpdate":true,"showSkybox":true,"showFlares":true,"showImageEffects":true,"showParticleSystems":true},"in2DMode":false,"pivot":{"x":219.001220703125,"y":8.042722702026368,"z":-66.82621002197266},"rotation":{"x":-0.012342756614089013,"y":0.8681953549385071,"z":-0.021620294079184533,"w":-0.4956021308898926},"size":30.538898468017579,"orthographic":false}