{"cameraMode":{"drawMode":0,"name":"Shaded","section":"Shading Mode"},"sceneLighting":false,"audioPlay":false,"sceneViewState":{"showFog":true,"showMaterialUpdate":true,"showSkybox":false,"showFlares":true,"showImageEffects":true,"showParticleSystems":true},"in2DMode":false,"pivot":{"x":-0.40000003576278689,"y":0.47999998927116396,"z":-0.40000003576278689},"rotation":{"x":-0.03050563670694828,"y":-0.930728018283844,"z":0.35559579730033877,"w":-0.07985138893127442},"size":1.5289833545684815,"orthographic":false}