{"cameraMode":{"drawMode":0,"name":"Shaded","section":"Shading Mode"},"sceneLighting":true,"audioPlay":false,"sceneViewState":{"showFog":true,"showMaterialUpdate":true,"showSkybox":true,"showFlares":true,"showImageEffects":true,"showParticleSystems":true},"in2DMode":false,"pivot":{"x":222.28172302246095,"y":3.9795892238616945,"z":-113.1965103149414},"rotation":{"x":0.0940285176038742,"y":0.6581751704216003,"z":-0.08337168395519257,"w":0.7423043847084045},"size":45.0734748840332,"orthographic":false}